data,ano,mes,hora_utc,nuvens,saudavel_st,controlo_st,manchaW_st,zona0_st,saudavel_ndvi,controlo_ndvi,manchaW_ndvi,zona0_ndvi,t_ar,dT_manchaW,dNDVI_manchaW
2017-04-03,2017,4,11:19,2.8,28.66,23.665,29.882,27.248,0.3228,0.6553,0.3024,0.4736,18.5,1.222,-0.0204
2017-04-12,2017,4,11:13,10.0,32.85,28.323,34.62,31.301,0.5001,0.6692,0.4481,0.6053,24.5,1.77,-0.052
2017-04-28,2017,4,11:13,0.0,27.59,26.224,28.897,27.252,0.7428,0.6881,0.6746,0.7446,17.0,1.307,-0.0682
2017-06-06,2017,6,11:19,9.7,26.532,25.552,27.696,26.427,0.8551,0.7217,0.8172,0.7029,19.3,1.164,-0.0379
2017-06-15,2017,6,11:13,15.9,32.388,33.816,33.174,34.416,0.8489,0.6517,0.8185,0.6449,26.4,0.786,-0.0304
2017-07-01,2017,7,11:13,14.7,26.28,25.515,27.016,24.801,0.847,0.769,0.829,0.7641,18.9,0.736,-0.018
2017-07-17,2017,7,11:13,16.9,31.955,32.606,32.298,32.835,0.8711,0.734,0.8733,0.8142,27.2,0.343,0.0022
2017-07-24,2017,7,11:19,24.7,31.016,32.011,31.286,31.327,0.8738,0.7274,0.873,0.8202,24.9,0.27,-0.0008
2017-08-02,2017,8,11:13,5.6,31.428,33.018,31.301,32.859,0.8748,0.7205,0.8795,0.8066,24.1,-0.127,0.0047
2017-08-09,2017,8,11:19,5.4,24.486,24.327,25.547,24.693,0.8697,0.7557,0.8724,0.8077,21.7,1.061,0.0027
2017-08-18,2017,8,11:13,15.7,35.541,36.846,35.384,36.717,0.8668,0.7173,0.846,0.78,28.6,-0.157,-0.0208
2017-08-25,2017,8,11:19,23.4,28.26,29.306,28.665,28.933,0.8387,0.6841,0.8209,0.7461,24.1,0.405,-0.0178
2017-09-03,2017,9,11:13,9.2,33.427,34.9,33.741,34.156,0.8641,0.6902,0.8208,0.7699,24.1,0.314,-0.0433
2017-09-19,2017,9,11:13,16.5,26.47,27.121,27.23,27.019,0.8589,0.6702,0.8283,0.7583,21.1,0.76,-0.0306
2018-05-01,2018,5,11:12,17.9,23.426,21.575,24.603,22.407,0.67,0.692,0.6495,0.7301,14.1,1.177,-0.0205
2018-05-17,2018,5,11:12,3.6,30.517,30.345,31.547,29.737,0.8062,0.675,0.7754,0.7879,23.9,1.03,-0.0308
2018-06-02,2018,6,11:12,17.1,23.606,25.248,22.758,23.857,0.8389,0.6612,0.881,0.8012,21.2,-0.848,0.0421
2018-06-18,2018,6,11:12,0.1,33.394,33.71,33.907,34.269,0.8611,0.6825,0.8397,0.6366,26.1,0.513,-0.0214
2018-08-05,2018,8,11:13,0.7,33.772,35.939,34.061,33.92,0.7827,0.5992,0.7826,0.7196,35.1,0.289,-0.0001
2018-08-21,2018,8,11:13,0.0,34.072,35.62,34.342,34.955,0.8601,0.7089,0.8469,0.8093,33.6,0.27,-0.0132
2018-09-06,2018,9,11:13,18.9,27.502,28.541,28.303,28.02,0.8893,0.7302,0.8783,0.8161,24.9,0.801,-0.011
2018-09-13,2018,9,11:19,8.4,28.217,29.634,29.106,29.021,0.8849,0.7165,0.8746,0.7928,27.9,0.889,-0.0103
2018-09-22,2018,9,11:13,7.6,30.502,31.489,30.822,31.885,0.8958,0.7215,0.8891,0.7499,26.3,0.32,-0.0067
2019-04-02,2019,4,11:13,13.8,24.226,20.405,24.92,22.55,0.3923,0.6738,0.3691,0.5795,15.9,0.694,-0.0232
2019-05-04,2019,5,11:13,0.0,28.835,27.11,29.865,27.714,0.7381,0.7223,0.7546,0.7834,21.0,1.03,0.0165
2019-05-11,2019,5,11:19,0.9,25.391,24.519,26.665,25.037,0.7671,0.7486,0.7773,0.681,18.7,1.274,0.0102
2019-06-21,2019,6,11:13,15.6,31.753,31.659,32.722,32.339,0.8315,0.6823,0.8211,0.7499,21.8,0.969,-0.0104
2019-06-28,2019,6,11:19,3.6,31.855,32.499,33.307,32.211,0.8421,0.6778,0.8334,0.7821,22.8,1.452,-0.0087
2019-07-30,2019,7,11:19,12.0,23.817,23.895,24.486,23.873,0.8174,0.6718,0.8222,0.7657,20.5,0.669,0.0048
2019-08-15,2019,8,11:20,1.3,31.099,31.671,31.679,31.914,0.8878,0.7551,0.8867,0.7896,25.0,0.58,-0.0011
2019-08-24,2019,8,11:13,17.2,30.044,30.595,30.334,30.81,0.8928,0.7572,0.8919,0.7964,23.1,0.29,-0.0009
2019-08-31,2019,8,11:20,12.3,29.637,30.667,30.102,30.527,0.8873,0.7466,0.8863,0.7895,25.4,0.465,-0.001
2020-06-23,2020,6,11:13,7.9,36.307,37.183,35.794,37.226,0.8551,0.6799,0.8782,0.7878,30.2,-0.513,0.0231
2020-07-09,2020,7,11:13,5.9,32.719,34.191,32.772,33.028,0.8473,0.679,0.8568,0.8157,29.7,0.053,0.0095
2020-07-16,2020,7,11:19,0.0,32.768,34.718,33.188,33.054,0.8732,0.6881,0.8737,0.8326,30.7,0.42,0.0005
2020-07-25,2020,7,11:13,0.1,33.029,35.073,33.296,32.963,0.8798,0.6944,0.8768,0.831,25.4,0.267,-0.003
2020-08-26,2020,8,11:13,4.8,33.421,34.356,33.87,33.734,0.9089,0.7561,0.9045,0.8621,26.6,0.449,-0.0044
2020-09-02,2020,9,11:20,0.0,27.587,29.069,28.227,28.205,0.8884,0.7562,0.8952,0.8508,25.9,0.64,0.0068
2020-09-11,2020,9,11:13,11.9,29.419,30.641,29.701,30.083,0.8634,0.726,0.871,0.8131,30.0,0.282,0.0076
2021-05-25,2021,5,11:13,0.4,15.781,15.091,15.715,14.3,0.8335,0.6642,0.8297,0.695,18.0,-0.066,-0.0038
2021-06-10,2021,6,11:13,3.1,34.04,34.394,33.543,35.808,0.8635,0.6652,0.8735,0.6714,26.3,-0.497,0.01
2021-07-28,2021,7,11:13,1.3,30.518,31.479,30.838,31.612,0.8956,0.7309,0.8978,0.8032,25.0,0.32,0.0022
2021-08-13,2021,8,11:13,4.8,32.872,33.601,33.197,33.749,0.9014,0.753,0.9022,0.8268,29.2,0.325,0.0008
2021-09-21,2021,9,11:20,0.0,23.747,24.455,24.553,23.773,0.8989,0.7649,0.8972,0.8268,20.6,0.806,-0.0017
2021-09-30,2021,9,11:14,11.9,23.414,23.524,24.2,23.293,0.9067,0.778,0.9042,0.8262,21.1,0.786,-0.0025
2022-04-01,2022,4,11:19,14.4,18.904,17.279,,,0.4482,0.6352,,,12.2,,
2022-04-25,2022,4,11:19,22.9,19.558,17.676,21.978,18.903,0.6374,0.596,0.519,0.6173,18.8,2.42,-0.1184
2022-05-03,2022,5,11:19,3.5,25.644,25.448,27.291,26.651,0.7893,0.6887,0.7554,0.5933,19.3,1.647,-0.0339
2022-05-04,2022,5,11:13,8.8,27.757,27.611,28.667,29.328,0.8114,0.6925,0.7862,0.5862,20.6,0.91,-0.0252
2022-05-20,2022,5,11:13,6.8,30.433,31.33,30.929,32.903,0.8577,0.6721,0.8545,0.6383,24.2,0.496,-0.0032
2022-05-28,2022,5,11:13,0.5,36.233,37.777,36.35,39.204,0.8842,0.6726,0.8829,0.6652,29.4,0.117,-0.0013
2022-06-12,2022,6,11:19,18.5,31.676,33.362,32.536,33.176,0.8681,0.6664,0.8678,0.7373,28.3,0.86,-0.0003
2022-06-13,2022,6,11:13,2.3,31.797,33.623,32.58,33.302,0.8657,0.6689,0.8675,0.7413,30.1,0.783,0.0018
2022-07-06,2022,7,11:20,5.7,31.359,33.483,31.257,32.506,0.8758,0.6853,0.8922,0.7697,26.9,-0.102,0.0164
2022-07-07,2022,7,11:13,0.0,33.642,35.891,33.326,34.933,0.8817,0.6854,0.8975,0.7716,29.0,-0.316,0.0158
2022-07-23,2022,7,11:13,0.3,34.417,36.135,33.864,36.137,0.8862,0.7243,0.8934,0.7804,29.1,-0.553,0.0072
2022-07-30,2022,7,11:19,0.1,31.691,33.759,32.036,33.155,0.8559,0.6791,0.8635,0.7592,31.0,0.345,0.0076
2022-07-31,2022,7,11:14,0.0,34.781,37.087,34.476,36.596,0.8799,0.6981,0.8826,0.7703,33.7,-0.305,0.0027
2022-08-08,2022,8,11:13,15.9,33.755,35.415,33.686,35.067,0.8809,0.7119,0.8864,0.7622,28.3,-0.069,0.0055
2022-09-09,2022,9,11:13,4.0,31.353,33.001,31.675,33.143,0.9073,0.7098,0.9072,0.7211,23.7,0.322,-0.0001
2022-09-16,2022,9,11:20,16.2,29.237,29.958,30.046,30.258,0.9009,0.7199,0.8981,0.7526,24.2,0.809,-0.0028
2022-09-25,2022,9,11:14,13.5,23.812,25.521,24.402,25.189,0.906,0.7126,0.9039,0.7315,19.6,0.59,-0.0021
2023-04-05,2023,4,11:13,0.0,27.46,23.451,29.405,27.549,0.3965,0.618,0.3592,0.2935,18.9,1.945,-0.0373
2023-05-14,2023,5,11:19,15.6,26.263,29.014,,,0.7765,0.5949,,,19.2,,
2023-05-22,2023,5,11:19,16.6,22.506,25.19,24.367,23.607,0.7601,0.5972,0.7682,0.5035,24.0,1.861,0.0081
2023-05-23,2023,5,11:13,17.5,31.722,33.794,32.537,33.87,0.8348,0.6324,0.8366,0.5106,24.0,0.815,0.0018
2023-06-15,2023,6,11:19,0.2,33.698,33.454,33.865,34.033,0.8526,0.6945,0.8798,0.606,26.0,0.167,0.0272
2023-06-23,2023,6,11:19,0.7,32.419,32.736,32.99,34.734,0.8671,0.7101,0.8821,0.5622,27.4,0.571,0.015
2023-06-24,2023,6,11:13,2.0,35.56,35.6,35.683,37.731,0.8719,0.7112,0.8843,0.5788,29.7,0.123,0.0124
2023-07-01,2023,7,11:19,5.9,33.864,34.953,34.391,36.176,0.8802,0.7234,0.881,0.5751,27.1,0.527,0.0008
2023-07-02,2023,7,11:13,1.0,32.407,33.323,32.778,34.302,0.8833,0.7192,0.8822,0.5881,28.2,0.371,-0.0011
2023-07-09,2023,7,11:19,11.1,17.652,19.614,21.712,,0.8072,0.6982,0.8198,,22.4,4.06,0.0126
2023-07-10,2023,7,11:13,0.0,32.321,32.856,33.018,33.92,0.8945,0.7442,0.8877,0.6249,26.0,0.697,-0.0068
2023-07-17,2023,7,11:19,3.7,29.141,30.134,30.186,30.006,0.8873,0.746,0.8827,0.696,25.6,1.045,-0.0046
2023-07-18,2023,7,11:13,9.8,31.173,31.859,31.788,32.149,0.8995,0.7524,0.8937,0.7067,25.0,0.615,-0.0058
2023-07-25,2023,7,11:19,18.8,26.958,27.359,28.269,26.256,0.8913,0.7541,0.8797,0.781,22.5,1.311,-0.0116
2023-07-26,2023,7,11:13,0.2,32.875,33.642,33.263,33.687,0.898,0.7596,0.8987,0.7759,27.0,0.388,0.0007
2023-08-26,2023,8,11:19,17.9,27.236,28.304,27.8,28.686,0.9019,0.7419,0.8976,0.6701,23.2,0.564,-0.0043
2023-09-12,2023,9,11:13,22.2,28.027,28.316,28.576,28.725,0.9147,0.746,0.91,0.7377,23.8,0.549,-0.0047
2023-09-19,2023,9,11:19,11.1,25.07,24.836,26.16,25.253,0.9034,0.7353,0.9012,0.7188,21.1,1.09,-0.0022
2024-04-14,2024,4,11:19,3.4,33.449,29.372,35.12,32.334,0.4314,0.6598,0.4462,0.4398,26.7,1.671,0.0148
2024-04-15,2024,4,11:13,2.2,28.936,25.104,30.04,27.585,0.4328,0.6621,0.4456,0.4341,20.2,1.104,0.0128
2024-04-22,2024,4,11:19,0.0,29.729,25.652,31.097,28.24,0.5043,0.664,0.5302,0.4749,20.1,1.368,0.0259
2024-04-23,2024,4,11:13,0.1,29.251,25.594,30.135,27.712,0.5343,0.6586,0.5605,0.4915,18.4,0.884,0.0262
2024-05-08,2024,5,11:19,0.5,23.747,22.868,24.959,23.66,0.6774,0.654,0.689,0.5586,22.9,1.212,0.0116
2024-05-24,2024,5,11:18,1.3,26.608,26.771,27.629,27.349,0.8165,0.6813,0.8212,0.5906,21.6,1.021,0.0047
2024-05-25,2024,5,11:13,21.3,14.867,13.38,16.745,,0.8202,0.759,0.8134,,18.9,1.878,-0.0068
2024-06-01,2024,6,11:19,0.2,28.943,29.878,29.841,29.777,0.8177,0.6496,0.8195,0.6039,23.7,0.898,0.0018
2024-06-02,2024,6,11:12,0.0,30.504,31.704,31.019,31.561,0.8423,0.6525,0.8402,0.6122,24.1,0.515,-0.0021
2024-07-03,2024,7,11:19,23.3,30.943,32.553,31.384,32.6,0.8685,0.7072,0.8839,0.6919,26.1,0.441,0.0154
2024-07-04,2024,7,11:13,0.0,33.724,35.295,33.766,35.693,0.8735,0.7089,0.8918,0.6769,28.3,0.042,0.0183
2024-07-12,2024,7,11:13,5.3,29.192,29.319,29.887,30.265,0.8831,0.7436,0.8962,0.7337,24.3,0.695,0.0131
2024-07-27,2024,7,11:19,7.4,32.432,33.169,32.995,33.006,0.8827,0.7663,0.8786,0.7751,29.1,0.563,-0.0041
2024-07-28,2024,7,11:13,16.8,34.591,35.635,34.955,35.627,0.8819,0.7664,0.8809,0.7688,32.1,0.364,-0.001
2024-08-04,2024,8,11:19,13.7,33.23,33.997,33.859,34.807,0.8818,0.7662,0.8762,0.7144,29.2,0.629,-0.0056
2024-08-05,2024,8,11:13,0.3,32.737,33.449,32.856,34.565,0.8862,0.7598,0.8769,0.7104,26.1,0.119,-0.0093
2024-08-21,2024,8,11:13,0.5,29.91,31.265,30.524,31.339,0.8547,0.7206,0.8399,0.725,28.7,0.614,-0.0148
2024-08-29,2024,8,11:13,12.7,31.165,32.176,31.659,32.717,0.893,0.7419,0.876,0.7617,27.8,0.494,-0.017
2024-09-13,2024,9,11:19,0.0,26.086,27.041,26.921,27.834,0.8932,0.733,0.8737,0.7024,22.0,0.835,-0.0195
2024-09-14,2024,9,11:13,0.0,26.626,28.19,27.217,28.748,0.8981,0.7222,0.8799,0.7054,23.2,0.591,-0.0182
2025-04-09,2025,4,11:19,1.2,27.117,23.717,28.589,25.769,0.442,0.6485,0.4601,0.4099,25.0,1.472,0.0181
2025-04-10,2025,4,11:13,2.4,31.91,27.992,33.081,30.885,0.4567,0.6786,0.4785,0.4035,25.0,1.171,0.0218
2025-04-26,2025,4,11:13,5.4,24.418,22.383,25.854,,0.6175,0.6669,0.6229,,17.9,1.436,0.0054
2025-05-27,2025,5,11:19,1.1,29.086,30.104,31.673,29.924,0.8589,0.6685,0.7852,0.6853,23.2,2.587,-0.0737
2025-05-28,2025,5,11:13,0.3,29.748,30.001,31.16,30.691,0.8465,0.6556,0.7877,0.6367,26.9,1.412,-0.0588
2025-06-20,2025,6,11:19,1.8,33.699,35.226,35.193,35.527,0.8544,0.6642,0.8097,0.6701,25.8,1.494,-0.0447
2025-06-28,2025,6,11:19,22.8,35.687,37.491,37.296,37.455,0.8829,0.6992,0.8309,0.7082,32.5,1.609,-0.052
2025-06-29,2025,6,11:13,15.7,36.577,38.043,37.857,38.185,0.8479,0.6774,0.8046,0.6856,34.1,1.28,-0.0433
2025-07-07,2025,7,11:13,0.8,32.518,33.818,33.363,35.603,0.8894,0.7256,0.8357,0.6046,26.6,0.845,-0.0537
2025-07-14,2025,7,11:19,3.8,30.923,31.928,32.795,34.301,0.8757,0.7331,0.8017,0.6116,25.4,1.872,-0.074
2025-07-15,2025,7,11:13,0.0,33.498,34.73,35.187,37.393,0.887,0.7398,0.8076,0.6074,28.8,1.689,-0.0794
2025-07-23,2025,7,11:13,14.7,11.822,12.257,13.415,12.858,0.8091,0.6673,0.7497,0.6197,24.3,1.593,-0.0594
2025-07-30,2025,7,11:19,0.1,31.321,32.864,32.954,34.398,0.8925,0.7372,0.8267,0.6676,29.8,1.633,-0.0658
2025-07-31,2025,7,11:13,0.3,29.624,31.024,31.138,32.535,0.8562,0.7084,0.8078,0.6435,29.9,1.514,-0.0484
2025-08-08,2025,8,11:13,12.2,33.43,34.247,34.445,35.816,0.8779,0.7284,0.8284,0.6825,30.6,1.015,-0.0495
2025-08-16,2025,8,11:13,1.4,30.843,31.566,31.915,32.504,0.8535,0.7023,0.8155,0.697,26.9,1.072,-0.038
2025-08-23,2025,8,11:20,6.4,32.324,33.584,33.686,34.097,0.8653,0.6949,0.8192,0.6998,31.2,1.362,-0.0461
2025-08-24,2025,8,11:13,10.2,29.942,31.072,30.869,31.859,0.8634,0.7009,0.8295,0.7102,26.2,0.927,-0.0339
2025-09-08,2025,9,11:20,8.0,22.464,23.36,24.48,23.939,0.8636,0.6785,0.784,0.6639,20.7,2.016,-0.0796
2025-09-16,2025,9,11:20,0.0,23.722,24.635,25.37,24.812,0.8804,0.7054,0.8142,0.743,23.6,1.648,-0.0662
2025-09-17,2025,9,11:13,3.2,28.159,28.724,29.48,29.127,0.9029,0.7056,0.8378,0.7732,24.8,1.321,-0.0651
2025-09-24,2025,9,11:20,6.9,23.513,25.211,25.316,24.59,0.8831,0.675,0.8223,0.7455,20.7,1.803,-0.0608
2025-09-25,2025,9,11:13,0.0,25.364,26.904,26.629,26.45,0.8998,0.6857,0.8403,0.7716,22.7,1.265,-0.0595
2026-04-04,2026,4,11:19,7.8,31.672,26.202,32.121,28.781,0.4246,0.6441,0.5294,0.4729,,0.449,0.1048
2026-04-05,2026,4,11:13,0.1,32.154,26.923,32.1,29.475,0.4412,0.6604,0.5408,0.487,,-0.054,0.0996
2026-05-31,2026,5,11:12,1.4,30.341,31.426,33.593,30.611,0.8858,0.6959,0.7523,0.7753,,3.252,-0.1335
2026-06-07,2026,6,11:19,3.9,31.122,31.863,34.32,30.954,0.8757,0.7059,0.7566,0.7884,,3.198,-0.1191
2026-06-08,2026,6,11:12,15.7,30.95,31.414,34.03,30.281,0.8763,0.7149,0.7583,0.775,,3.08,-0.118
2026-06-16,2026,6,11:13,3.8,33.688,34.844,36.425,34.133,0.8647,0.6983,0.7435,0.7769,,2.737,-0.1212
2026-07-01,2026,7,11:19,0.7,32.592,33.281,36.774,35.205,0.879,0.7377,0.7055,0.6598,,4.182,-0.1735
2026-07-02,2026,7,11:13,0.0,33.945,35.085,38.252,36.955,0.8728,0.7287,0.6837,0.6433,,4.307,-0.1891
2026-07-18,2026,7,11:13,6.8,34.73,35.119,37.753,36.918,0.8677,0.7289,0.7259,0.686,,3.023,-0.1418
2026-07-25,2026,7,11:19,9.4,28.889,29.009,31.033,29.813,0.8553,0.7286,0.7641,0.7019,,2.144,-0.0912
2026-07-26,2026,7,11:13,0.1,32.478,33.226,35.113,34.353,0.8869,0.7421,0.762,0.7007,,2.635,-0.1249
2026-08-03,2026,8,11:13,24.4,30.811,31.808,,,0.8731,0.7223,,,,,
2026-08-10,2026,8,11:19,4.5,34.378,35.53,36.379,36.186,0.8773,0.7202,0.7879,0.7035,,2.001,-0.0894
2026-08-11,2026,8,11:13,8.0,33.655,34.601,35.043,35.174,0.8779,0.7112,0.7884,0.7063,,1.388,-0.0895
