data,saudavel,manchaW,zona0
2018-04-18,0.2999,0.2882,0.4784
2018-04-20,0.343,0.3139,0.5038
2018-04-23,0.4177,0.3963,0.5451
2018-04-25,0.5166,0.4911,0.6223
2018-05-05,0.7054,0.6756,0.7325
2018-05-10,0.7795,0.7394,0.7705
2018-05-15,0.7924,0.7516,0.7771
2018-05-18,0.8022,0.761,0.7739
2018-05-20,0.8289,0.7962,0.7923
2018-06-02,,0.7206,
2018-06-14,0.8676,0.8344,0.6586
2018-06-14,0.8687,0.8335,0.659
2018-06-17,0.8781,0.8505,0.6158
2018-06-17,0.8784,0.8473,0.6153
2018-06-19,0.8601,0.8284,0.5964
2018-06-19,0.8573,0.8331,0.6006
2018-06-22,0.8643,0.8504,0.6128
2018-06-24,0.8478,0.8304,0.6094
2018-06-24,0.8435,0.8231,0.6076
2018-06-29,0.8645,0.8575,0.6284
2018-06-29,0.8548,0.8493,0.6282
2018-07-07,0.8822,0.8843,0.7119
2018-07-07,0.8771,0.8762,0.7081
2018-07-09,0.8668,0.8714,0.7181
2018-07-12,0.8774,0.8837,0.7639
2018-07-17,0.888,0.8897,0.8101
2019-02-19,0.2657,0.2744,0.3765
2019-03-11,0.2644,0.2506,0.4597
2019-03-14,0.2604,0.2421,0.4403
2019-03-16,0.251,0.2311,0.4496
2019-03-19,0.241,0.2173,0.4419
2019-03-21,0.2591,0.2411,0.4614
2019-03-24,0.256,0.2352,0.4559
2019-03-24,0.2491,0.2251,0.4619
2019-03-26,0.2698,0.2447,0.4793
2019-03-26,0.2672,0.2407,0.4788
2019-03-29,0.2689,0.2313,0.4877
2019-03-29,0.2654,0.2276,0.4862
2019-03-31,0.2838,0.2517,0.494
2019-04-28,0.6424,0.659,0.7598
2019-04-28,0.6415,0.6582,0.7593
2019-04-30,0.6881,0.7016,0.7787
2019-04-30,0.688,0.7006,0.7796
2019-05-03,0.6951,0.7204,0.7802
2019-05-03,0.6966,0.7193,0.7874
2019-05-13,0.7646,0.776,0.6502
2019-05-13,0.764,0.77,0.6587
2019-05-25,0.7846,0.8156,0.5705
2019-05-25,0.7841,0.8133,0.5725
2019-05-28,0.7785,0.8212,0.5686
2019-05-28,0.7778,0.822,0.5709
2019-05-30,0.7692,0.8236,0.5799
2019-05-30,0.771,0.8171,0.5867
2019-07-02,0.8423,0.8406,0.7778
2019-07-02,0.842,0.8365,0.7819
2019-07-09,0.8133,0.8197,
2019-07-09,0.8257,0.8279,0.7667
2019-07-14,0.857,0.8493,0.7922
2019-07-14,0.8496,0.8427,0.7848
2019-07-17,0.866,0.851,0.8001
2019-07-17,0.8684,0.8527,0.8018
2019-07-19,0.8622,0.8438,0.7921
2019-07-19,0.8617,0.8382,0.7945
2020-02-22,0.2683,0.2575,0.3022
2020-02-22,0.2699,0.2585,0.3068
2020-02-24,0.2875,0.2749,0.3163
2020-02-24,0.2861,0.2763,0.3047
2020-03-10,0.2914,0.2526,0.3542
2020-03-10,0.2926,0.2622,0.3464
2020-03-18,0.3143,0.2879,0.3504
2020-03-18,0.3172,0.2947,0.3471
2020-03-23,0.341,0.2976,0.411
2020-03-23,0.3323,0.2927,0.4111
2020-03-25,0.3321,0.2895,0.4352
2020-03-25,0.3425,0.3038,0.4329
2020-03-28,0.3393,0.2965,0.447
2020-03-28,0.3448,0.3027,0.4462
2020-04-02,0.3341,0.287,0.4551
2020-04-02,0.3437,0.3085,0.4694
2020-04-12,0.5006,0.4596,0.5928
2020-04-14,0.5523,0.5159,0.6331
2020-05-07,,0.6951,
2020-05-17,0.7371,0.7417,0.7597
2020-05-17,0.7373,0.742,0.7604
2020-05-19,0.7443,0.7586,0.7146
2020-05-19,0.7437,0.7578,0.7143
2020-05-24,0.7563,0.7776,0.5886
2020-05-24,0.7549,0.7751,0.5896
2020-05-27,0.7525,0.7912,0.5556
2020-05-27,0.7502,0.7885,0.5554
2020-05-29,0.7547,0.8103,0.5523
2020-05-29,0.7521,0.8071,0.5517
2020-06-08,0.7989,0.848,0.6143
2020-06-18,0.8395,0.8705,
2020-06-18,0.8364,0.8651,0.6911
2020-06-23,0.8555,0.8814,0.758
2020-06-23,0.8538,0.8733,0.761
2020-07-03,0.8834,0.8888,0.823
2020-07-03,0.8829,0.8877,0.8253
2020-07-06,0.8735,0.8805,0.8221
2020-07-06,0.8736,0.8781,0.8244
2020-07-08,0.8654,0.8749,0.8043
2020-07-08,0.8602,0.8674,0.7986
2020-07-11,0.8696,0.8799,0.8046
2020-07-11,0.8719,0.8805,0.8106
2020-07-13,0.8707,0.8732,0.8105
2020-07-16,0.8862,0.888,0.8222
2020-07-16,0.8848,0.8843,0.8243
2020-07-18,0.8827,0.8819,0.8125
2020-07-18,0.8829,0.8803,0.8148
2021-02-26,0.2891,0.2469,0.3364
2021-02-26,0.2901,0.2503,0.3452
2021-02-28,0.347,0.2901,0.3992
2021-02-28,0.3477,0.2927,0.3938
2021-03-05,0.3004,0.2659,0.3466
2021-03-05,0.2989,0.271,0.3401
2021-03-08,0.3362,0.2841,0.3979
2021-03-08,0.3336,0.2843,0.3908
2021-03-15,0.3586,0.3026,0.4482
2021-03-15,0.3586,0.306,0.443
2021-03-20,0.3696,0.3127,0.4813
2021-03-20,0.3696,0.3127,0.4813
2021-03-20,0.3758,0.3197,0.4799
2021-03-25,0.3492,0.3119,0.4967
2021-03-25,0.349,0.3161,0.4916
2021-03-28,0.3655,0.3273,0.4957
2021-03-28,0.3646,0.3236,0.4978
2021-04-04,0.5069,0.4618,0.623
2021-04-04,0.5056,0.4606,0.6203
2021-04-07,0.5528,0.522,0.621
2021-04-07,,0.5199,
2021-04-07,,0.5189,
2021-04-17,0.7577,0.7428,0.7287
2021-04-17,0.7567,0.7422,0.7283
2021-04-27,0.8358,0.8282,0.7767
2021-05-02,0.8734,0.863,0.8082
2021-05-02,0.8675,0.8573,0.8037
2021-05-04,0.8724,0.8634,0.799
2021-05-04,0.8712,0.8614,0.7979
2021-05-07,0.8569,0.8555,0.7858
2021-05-07,0.8597,0.8584,0.788
2021-05-17,,0.8566,
2021-05-17,0.7962,0.8512,0.7469
2021-05-19,0.8794,0.876,0.8182
2021-05-19,0.8787,0.8753,0.8181
2021-05-29,0.8806,0.8655,0.6729
2021-05-29,0.8776,0.8627,0.6717
2021-06-03,0.8821,0.8779,0.64
2021-06-03,0.8786,0.8731,0.64
2021-06-06,0.8826,0.8831,0.6342
2021-06-06,0.8844,0.8833,0.6398
2021-06-08,0.8746,0.8796,0.6268
2021-06-08,0.8741,0.8758,0.6321
2021-06-11,0.8656,0.8795,0.6174
2021-06-11,0.863,0.8771,0.6173
2021-06-13,0.8717,0.8836,0.6164
2021-06-13,0.8678,0.8796,0.6153
2021-06-23,0.8643,0.8741,0.6697
2021-06-23,0.8649,0.8752,0.6701
2021-07-01,0.8846,0.8985,0.617
2021-07-01,0.883,0.8967,0.617
2021-07-08,0.8763,0.8867,0.6655
2021-07-08,0.8752,0.8856,0.6661
2021-07-11,0.884,0.8945,0.683
2021-07-11,0.886,0.8965,0.6837
2021-07-16,0.8871,0.9,0.7095
2021-07-16,0.8862,0.8987,0.7092
2022-02-21,0.1805,0.1816,0.3569
2022-03-18,0.3266,0.3051,0.5087
2022-04-02,0.3843,0.3489,0.5342
2022-04-04,0.3956,0.3598,0.5415
2022-04-29,0.7273,0.6739,0.6283
2022-05-04,0.7872,0.7573,0.5263
2022-05-07,0.8204,0.8084,0.5492
2022-05-09,0.8402,0.8325,0.5605
2022-05-14,0.8749,0.8736,0.5683
2022-05-19,0.8797,0.8845,0.5897
2022-06-11,0.8914,0.8922,0.706
2022-06-13,0.8754,0.8772,0.7053
2022-06-28,0.8815,0.8963,0.7767
2022-07-01,0.893,0.9096,0.7481
2022-07-06,0.8913,0.9107,0.7461
2022-07-08,0.888,0.9059,0.745
2022-07-18,0.89,0.8986,0.7492
2023-02-16,0.2442,0.2565,0.3912
2023-02-18,0.2672,0.2818,0.4216
2023-02-26,0.2477,0.2569,0.4219
2023-02-28,0.2586,0.2611,0.4214
2023-03-03,0.2465,0.2458,0.4112
2023-03-15,0.2682,0.2336,0.4609
2023-04-02,0.321,0.2625,0.2473
2023-04-07,0.3227,0.2626,0.2439
2023-04-09,0.3354,0.2732,0.2605
2023-04-19,0.4623,0.3841,0.2887
2023-04-27,0.5945,0.5387,0.4225
2023-05-07,0.746,0.7339,0.6599
2023-05-17,0.7904,0.7897,0.4472
2023-05-19,0.7883,0.7878,0.4445
2023-05-24,0.8303,0.8297,0.4658
2023-06-01,0.8455,0.8726,0.5273
2023-06-23,0.8583,0.8811,0.5118
2023-06-26,0.706,0.7196,0.4982
2023-06-28,0.5991,0.6068,0.4538
2023-07-01,0.8802,0.8878,0.5317
2023-07-03,,0.8775,
2023-07-06,0.8838,0.8811,0.5651
2023-07-13,0.9051,0.9062,0.6152
2023-07-16,0.8745,0.875,0.6425
2023-07-18,0.8888,0.8886,0.6641
2024-03-22,0.2592,0.256,0.3458
2024-03-24,0.2637,0.2661,0.3555
2024-04-16,0.3647,0.3696,0.401
2024-04-18,0.3963,0.4075,0.4122
2024-04-21,0.4442,0.4633,0.4438
2024-04-23,0.4803,0.5046,0.4647
2024-05-11,0.7068,0.7274,0.5176
2024-05-28,0.828,0.8335,0.5685
2024-05-31,0.7953,0.8055,0.5471
2024-06-02,0.8192,0.8262,0.5728
2024-06-10,0.5172,0.5175,0.5162
2024-06-12,0.866,0.8518,0.6465
2024-06-27,0.8594,0.8778,0.6033
2024-07-02,0.8573,0.8788,0.6231
2024-07-05,0.8773,0.9005,0.6506
2024-07-12,0.8805,0.8947,0.6978
2024-07-17,0.8857,0.8933,0.717
2025-03-02,0.2914,0.3168,0.4537
2025-03-26,0.3361,0.3542,0.3833
2025-03-27,0.3342,0.3496,0.379
2025-03-29,0.3283,0.3474,0.3534
2025-03-29,0.3416,0.3601,0.3605
2025-04-23,0.5259,0.5333,0.4441
2025-04-28,0.6139,0.6012,0.4751
2025-04-28,0.6237,0.6056,0.475
2025-05-06,0.736,0.6549,0.563
2025-05-16,0.8319,0.7239,0.6207
2025-05-23,0.8423,0.7508,0.6294
2025-05-28,,0.7685,
2025-05-31,0.8361,0.763,0.5403
2025-06-07,0.7649,0.6981,0.5427
2025-06-15,0.8943,0.8333,0.6438
2025-06-17,0.8877,0.8293,0.6294
2025-06-17,0.8737,0.81,0.6181
2025-06-20,0.894,0.8399,0.6408
2025-06-22,0.8899,0.8322,0.6427
2025-06-27,0.9016,0.8402,0.6623
2025-06-27,0.8989,0.8344,0.6566
2025-06-30,0.8939,0.838,0.6624
2025-07-02,0.8932,0.8329,0.6072
2025-07-04,0.8854,0.8244,0.5365
2025-07-05,0.8985,0.8417,0.546
2025-07-07,0.8952,0.839,0.5509
2025-07-07,0.8916,0.8325,0.5417
2025-07-14,0.8892,0.8012,0.5387
2025-07-15,0.8964,0.8097,0.5553
2026-02-22,0.3783,0.4177,0.4724
2026-02-22,0.3768,0.4169,0.4692
2026-03-04,0.2967,0.3558,0.3958
2026-03-07,0.3189,0.445,0.4776
2026-03-17,0.3265,0.4854,0.5191
2026-03-22,0.3187,0.4881,0.4192
2026-03-24,0.3004,0.4685,0.4099
2026-03-24,0.297,0.4762,0.412
2026-03-27,0.2996,0.4755,0.42
2026-03-31,0.3186,0.4852,0.4423
2026-04-01,0.3434,0.496,0.4581
2026-04-03,0.356,0.4906,0.4583
2026-04-03,0.3498,0.4858,0.4581
2026-04-06,0.4269,0.4992,0.4803
2026-04-10,0.6025,0.5255,0.5291
2026-04-18,0.7233,0.595,0.5148
2026-04-26,0.8424,0.6889,0.4647
2026-05-20,0.9028,0.7468,0.693
2026-05-26,0.8995,0.748,0.7235
2026-05-28,0.8841,0.7209,0.714
2026-05-31,0.9011,0.7527,0.752
2026-06-07,0.8939,0.7504,0.762
2026-06-09,0.8923,0.7452,0.7648
2026-06-10,0.8957,0.7587,0.778
2026-06-15,0.8883,0.7443,0.7622
2026-06-17,0.8957,0.7376,0.7592
2026-06-27,0.8286,0.7036,0.5283
2026-06-29,0.8843,0.6803,0.6001
2026-06-30,0.898,0.6986,0.6286
2026-07-02,0.8861,0.6789,0.6234
2026-07-02,0.8743,0.6607,0.6121
2026-07-05,0.8649,0.658,0.617
2026-07-09,0.8703,0.6666,0.6327
2026-07-15,0.8976,0.7212,0.677
