data,hora_utc,nuvens,saudavel_st,saudavel_ndvi,manchaW_st,manchaW_ndvi,zona0_st,zona0_ndvi,controlo_st,controlo_ndvi,t_ar
2017-04-03,11:19,2.8,28.66,0.3228,29.882,0.3024,27.248,0.4736,23.665,0.6553,18.5
2017-04-12,11:13,10.0,32.85,0.5001,34.62,0.4481,31.301,0.6053,28.323,0.6692,24.5
2017-04-28,11:13,0.0,27.59,0.7428,28.897,0.6746,27.252,0.7446,26.224,0.6881,17.0
2017-06-06,11:19,9.7,26.532,0.8551,27.696,0.8172,26.427,0.7029,25.552,0.7217,19.3
2017-06-15,11:13,15.9,32.388,0.8489,33.174,0.8185,34.416,0.6449,33.816,0.6517,26.4
2017-07-01,11:13,14.7,26.28,0.847,27.016,0.829,24.801,0.7641,25.515,0.769,18.9
2017-07-17,11:13,16.9,31.955,0.8711,32.298,0.8733,32.835,0.8142,32.606,0.734,27.2
2017-07-24,11:19,24.7,31.016,0.8738,31.286,0.873,31.327,0.8202,32.011,0.7274,24.9
2017-08-02,11:13,5.6,31.428,0.8748,31.301,0.8795,32.859,0.8066,33.018,0.7205,24.1
2017-08-09,11:19,5.4,24.486,0.8697,25.547,0.8724,24.693,0.8077,24.327,0.7557,21.7
2017-08-18,11:13,15.7,35.541,0.8668,35.384,0.846,36.717,0.78,36.846,0.7173,28.6
2017-08-25,11:19,23.4,28.26,0.8387,28.665,0.8209,28.933,0.7461,29.306,0.6841,24.1
2017-09-03,11:13,9.2,33.427,0.8641,33.741,0.8208,34.156,0.7699,34.9,0.6902,24.1
2017-09-19,11:13,16.5,26.47,0.8589,27.23,0.8283,27.019,0.7583,27.121,0.6702,21.1
2018-05-01,11:12,17.9,23.426,0.67,24.603,0.6495,22.407,0.7301,21.575,0.692,14.1
2018-05-17,11:12,3.6,30.517,0.8062,31.547,0.7754,29.737,0.7879,30.345,0.675,23.9
2018-06-02,11:12,17.1,23.606,0.8389,22.758,0.881,23.857,0.8012,25.248,0.6612,21.2
2018-06-18,11:12,0.1,33.394,0.8611,33.907,0.8397,34.269,0.6366,33.71,0.6825,26.1
2018-08-05,11:13,0.7,33.772,0.7827,34.061,0.7826,33.92,0.7196,35.939,0.5992,35.1
2018-08-21,11:13,0.0,34.072,0.8601,34.342,0.8469,34.955,0.8093,35.62,0.7089,33.6
2018-09-06,11:13,18.9,27.502,0.8893,28.303,0.8783,28.02,0.8161,28.541,0.7302,24.9
2018-09-13,11:19,8.4,28.217,0.8849,29.106,0.8746,29.021,0.7928,29.634,0.7165,27.9
2018-09-22,11:13,7.6,30.502,0.8958,30.822,0.8891,31.885,0.7499,31.489,0.7215,26.3
2019-04-02,11:13,13.8,24.226,0.3923,24.92,0.3691,22.55,0.5795,20.405,0.6738,15.9
2019-05-04,11:13,0.0,28.835,0.7381,29.865,0.7546,27.714,0.7834,27.11,0.7223,21.0
2019-05-11,11:19,0.9,25.391,0.7671,26.665,0.7773,25.037,0.681,24.519,0.7486,18.7
2019-06-21,11:13,15.6,31.753,0.8315,32.722,0.8211,32.339,0.7499,31.659,0.6823,21.8
2019-06-28,11:19,3.6,31.855,0.8421,33.307,0.8334,32.211,0.7821,32.499,0.6778,22.8
2019-07-30,11:19,12.0,23.817,0.8174,24.486,0.8222,23.873,0.7657,23.895,0.6718,20.5
2019-08-15,11:20,1.3,31.099,0.8878,31.679,0.8867,31.914,0.7896,31.671,0.7551,25.0
2019-08-24,11:13,17.2,30.044,0.8928,30.334,0.8919,30.81,0.7964,30.595,0.7572,23.1
2019-08-31,11:20,12.3,29.637,0.8873,30.102,0.8863,30.527,0.7895,30.667,0.7466,25.4
2020-06-23,11:13,7.9,36.307,0.8551,35.794,0.8782,37.226,0.7878,37.183,0.6799,30.2
2020-07-09,11:13,5.9,32.719,0.8473,32.772,0.8568,33.028,0.8157,34.191,0.679,29.7
2020-07-16,11:19,0.0,32.768,0.8732,33.188,0.8737,33.054,0.8326,34.718,0.6881,30.7
2020-07-25,11:13,0.1,33.029,0.8798,33.296,0.8768,32.963,0.831,35.073,0.6944,25.4
2020-08-26,11:13,4.8,33.421,0.9089,33.87,0.9045,33.734,0.8621,34.356,0.7561,26.6
2020-09-02,11:20,0.0,27.587,0.8884,28.227,0.8952,28.205,0.8508,29.069,0.7562,25.9
2020-09-11,11:13,11.9,29.419,0.8634,29.701,0.871,30.083,0.8131,30.641,0.726,30.0
2021-05-25,11:13,0.4,15.781,0.8335,15.715,0.8297,14.3,0.695,15.091,0.6642,18.0
2021-06-10,11:13,3.1,34.04,0.8635,33.543,0.8735,35.808,0.6714,34.394,0.6652,26.3
2021-07-28,11:13,1.3,30.518,0.8956,30.838,0.8978,31.612,0.8032,31.479,0.7309,25.0
2021-08-13,11:13,4.8,32.872,0.9014,33.197,0.9022,33.749,0.8268,33.601,0.753,29.2
2021-09-21,11:20,0.0,23.747,0.8989,24.553,0.8972,23.773,0.8268,24.455,0.7649,20.6
2021-09-30,11:14,11.9,23.414,0.9067,24.2,0.9042,23.293,0.8262,23.524,0.778,21.1
2022-04-01,11:19,14.4,18.904,0.4482,,,,,17.279,0.6352,12.2
2022-04-25,11:19,22.9,19.558,0.6374,21.978,0.519,18.903,0.6173,17.676,0.596,18.8
2022-05-03,11:19,3.5,25.644,0.7893,27.291,0.7554,26.651,0.5933,25.448,0.6887,19.3
2022-05-04,11:13,8.8,27.757,0.8114,28.667,0.7862,29.328,0.5862,27.611,0.6925,20.6
2022-05-20,11:13,6.8,30.433,0.8577,30.929,0.8545,32.903,0.6383,31.33,0.6721,24.2
2022-05-28,11:13,0.5,36.233,0.8842,36.35,0.8829,39.204,0.6652,37.777,0.6726,29.4
2022-06-12,11:19,18.5,31.676,0.8681,32.536,0.8678,33.176,0.7373,33.362,0.6664,28.3
2022-06-13,11:13,2.3,31.797,0.8657,32.58,0.8675,33.302,0.7413,33.623,0.6689,30.1
2022-07-06,11:20,5.7,31.359,0.8758,31.257,0.8922,32.506,0.7697,33.483,0.6853,26.9
2022-07-07,11:13,0.0,33.642,0.8817,33.326,0.8975,34.933,0.7716,35.891,0.6854,29.0
2022-07-23,11:13,0.3,34.417,0.8862,33.864,0.8934,36.137,0.7804,36.135,0.7243,29.1
2022-07-30,11:19,0.1,31.691,0.8559,32.036,0.8635,33.155,0.7592,33.759,0.6791,31.0
2022-07-31,11:14,0.0,34.781,0.8799,34.476,0.8826,36.596,0.7703,37.087,0.6981,33.7
2022-08-08,11:13,15.9,33.755,0.8809,33.686,0.8864,35.067,0.7622,35.415,0.7119,28.3
2022-09-09,11:13,4.0,31.353,0.9073,31.675,0.9072,33.143,0.7211,33.001,0.7098,23.7
2022-09-16,11:20,16.2,29.237,0.9009,30.046,0.8981,30.258,0.7526,29.958,0.7199,24.2
2022-09-25,11:14,13.5,23.812,0.906,24.402,0.9039,25.189,0.7315,25.521,0.7126,19.6
2023-04-05,11:13,0.0,27.46,0.3965,29.405,0.3592,27.549,0.2935,23.451,0.618,18.9
2023-05-14,11:19,15.6,26.263,0.7765,,,,,29.014,0.5949,19.2
2023-05-22,11:19,16.6,22.506,0.7601,24.367,0.7682,23.607,0.5035,25.19,0.5972,24.0
2023-05-23,11:13,17.5,31.722,0.8348,32.537,0.8366,33.87,0.5106,33.794,0.6324,24.0
2023-06-15,11:19,0.2,33.698,0.8526,33.865,0.8798,34.033,0.606,33.454,0.6945,26.0
2023-06-23,11:19,0.7,32.419,0.8671,32.99,0.8821,34.734,0.5622,32.736,0.7101,27.4
2023-06-24,11:13,2.0,35.56,0.8719,35.683,0.8843,37.731,0.5788,35.6,0.7112,29.7
2023-07-01,11:19,5.9,33.864,0.8802,34.391,0.881,36.176,0.5751,34.953,0.7234,27.1
2023-07-02,11:13,1.0,32.407,0.8833,32.778,0.8822,34.302,0.5881,33.323,0.7192,28.2
2023-07-09,11:19,11.1,17.652,0.8072,21.712,0.8198,,,19.614,0.6982,22.4
2023-07-10,11:13,0.0,32.321,0.8945,33.018,0.8877,33.92,0.6249,32.856,0.7442,26.0
2023-07-17,11:19,3.7,29.141,0.8873,30.186,0.8827,30.006,0.696,30.134,0.746,25.6
2023-07-18,11:13,9.8,31.173,0.8995,31.788,0.8937,32.149,0.7067,31.859,0.7524,25.0
2023-07-25,11:19,18.8,26.958,0.8913,28.269,0.8797,26.256,0.781,27.359,0.7541,22.5
2023-07-26,11:13,0.2,32.875,0.898,33.263,0.8987,33.687,0.7759,33.642,0.7596,27.0
2023-08-26,11:19,17.9,27.236,0.9019,27.8,0.8976,28.686,0.6701,28.304,0.7419,23.2
2023-09-12,11:13,22.2,28.027,0.9147,28.576,0.91,28.725,0.7377,28.316,0.746,23.8
2023-09-19,11:19,11.1,25.07,0.9034,26.16,0.9012,25.253,0.7188,24.836,0.7353,21.1
2024-04-14,11:19,3.4,33.449,0.4314,35.12,0.4462,32.334,0.4398,29.372,0.6598,26.7
2024-04-15,11:13,2.2,28.936,0.4328,30.04,0.4456,27.585,0.4341,25.104,0.6621,20.2
2024-04-22,11:19,0.0,29.729,0.5043,31.097,0.5302,28.24,0.4749,25.652,0.664,20.1
2024-04-23,11:13,0.1,29.251,0.5343,30.135,0.5605,27.712,0.4915,25.594,0.6586,18.4
2024-05-08,11:19,0.5,23.747,0.6774,24.959,0.689,23.66,0.5586,22.868,0.654,22.9
2024-05-24,11:18,1.3,26.608,0.8165,27.629,0.8212,27.349,0.5906,26.771,0.6813,21.6
2024-05-25,11:13,21.3,14.867,0.8202,16.745,0.8134,,,13.38,0.759,18.9
2024-06-01,11:19,0.2,28.943,0.8177,29.841,0.8195,29.777,0.6039,29.878,0.6496,23.7
2024-06-02,11:12,0.0,30.504,0.8423,31.019,0.8402,31.561,0.6122,31.704,0.6525,24.1
2024-07-03,11:19,23.3,30.943,0.8685,31.384,0.8839,32.6,0.6919,32.553,0.7072,26.1
2024-07-04,11:13,0.0,33.724,0.8735,33.766,0.8918,35.693,0.6769,35.295,0.7089,28.3
2024-07-12,11:13,5.3,29.192,0.8831,29.887,0.8962,30.265,0.7337,29.319,0.7436,24.3
2024-07-27,11:19,7.4,32.432,0.8827,32.995,0.8786,33.006,0.7751,33.169,0.7663,29.1
2024-07-28,11:13,16.8,34.591,0.8819,34.955,0.8809,35.627,0.7688,35.635,0.7664,32.1
2024-08-04,11:19,13.7,33.23,0.8818,33.859,0.8762,34.807,0.7144,33.997,0.7662,29.2
2024-08-05,11:13,0.3,32.737,0.8862,32.856,0.8769,34.565,0.7104,33.449,0.7598,26.1
2024-08-21,11:13,0.5,29.91,0.8547,30.524,0.8399,31.339,0.725,31.265,0.7206,28.7
2024-08-29,11:13,12.7,31.165,0.893,31.659,0.876,32.717,0.7617,32.176,0.7419,27.8
2024-09-13,11:19,0.0,26.086,0.8932,26.921,0.8737,27.834,0.7024,27.041,0.733,22.0
2024-09-14,11:13,0.0,26.626,0.8981,27.217,0.8799,28.748,0.7054,28.19,0.7222,23.2
2025-04-09,11:19,1.2,27.117,0.442,28.589,0.4601,25.769,0.4099,23.717,0.6485,25.0
2025-04-10,11:13,2.4,31.91,0.4567,33.081,0.4785,30.885,0.4035,27.992,0.6786,25.0
2025-04-26,11:13,5.4,24.418,0.6175,25.854,0.6229,,,22.383,0.6669,17.9
2025-05-27,11:19,1.1,29.086,0.8589,31.673,0.7852,29.924,0.6853,30.104,0.6685,23.2
2025-05-28,11:13,0.3,29.748,0.8465,31.16,0.7877,30.691,0.6367,30.001,0.6556,26.9
2025-06-20,11:19,1.8,33.699,0.8544,35.193,0.8097,35.527,0.6701,35.226,0.6642,25.8
2025-06-28,11:19,22.8,35.687,0.8829,37.296,0.8309,37.455,0.7082,37.491,0.6992,32.5
2025-06-29,11:13,15.7,36.577,0.8479,37.857,0.8046,38.185,0.6856,38.043,0.6774,34.1
2025-07-07,11:13,0.8,32.518,0.8894,33.363,0.8357,35.603,0.6046,33.818,0.7256,26.6
2025-07-14,11:19,3.8,30.923,0.8757,32.795,0.8017,34.301,0.6116,31.928,0.7331,25.4
2025-07-15,11:13,0.0,33.498,0.887,35.187,0.8076,37.393,0.6074,34.73,0.7398,28.8
2025-07-23,11:13,14.7,11.822,0.8091,13.415,0.7497,12.858,0.6197,12.257,0.6673,24.3
2025-07-30,11:19,0.1,31.321,0.8925,32.954,0.8267,34.398,0.6676,32.864,0.7372,29.8
2025-07-31,11:13,0.3,29.624,0.8562,31.138,0.8078,32.535,0.6435,31.024,0.7084,29.9
2025-08-08,11:13,12.2,33.43,0.8779,34.445,0.8284,35.816,0.6825,34.247,0.7284,30.6
2025-08-16,11:13,1.4,30.843,0.8535,31.915,0.8155,32.504,0.697,31.566,0.7023,26.9
2025-08-23,11:20,6.4,32.324,0.8653,33.686,0.8192,34.097,0.6998,33.584,0.6949,31.2
2025-08-24,11:13,10.2,29.942,0.8634,30.869,0.8295,31.859,0.7102,31.072,0.7009,26.2
2025-09-08,11:20,8.0,22.464,0.8636,24.48,0.784,23.939,0.6639,23.36,0.6785,20.7
2025-09-16,11:20,0.0,23.722,0.8804,25.37,0.8142,24.812,0.743,24.635,0.7054,23.6
2025-09-17,11:13,3.2,28.159,0.9029,29.48,0.8378,29.127,0.7732,28.724,0.7056,24.8
2025-09-24,11:20,6.9,23.513,0.8831,25.316,0.8223,24.59,0.7455,25.211,0.675,20.7
2025-09-25,11:13,0.0,25.364,0.8998,26.629,0.8403,26.45,0.7716,26.904,0.6857,22.7
2026-04-04,11:19,7.8,31.672,0.4246,32.121,0.5294,28.781,0.4729,26.202,0.6441,
2026-04-05,11:13,0.1,32.154,0.4412,32.1,0.5408,29.475,0.487,26.923,0.6604,
2026-05-31,11:12,1.4,30.341,0.8858,33.593,0.7523,30.611,0.7753,31.426,0.6959,
2026-06-07,11:19,3.9,31.122,0.8757,34.32,0.7566,30.954,0.7884,31.863,0.7059,
2026-06-08,11:12,15.7,30.95,0.8763,34.03,0.7583,30.281,0.775,31.414,0.7149,
2026-06-16,11:13,3.8,33.688,0.8647,36.425,0.7435,34.133,0.7769,34.844,0.6983,
2026-07-01,11:19,0.7,32.592,0.879,36.774,0.7055,35.205,0.6598,33.281,0.7377,
2026-07-02,11:13,0.0,33.945,0.8728,38.252,0.6837,36.955,0.6433,35.085,0.7287,
2026-07-18,11:13,6.8,34.73,0.8677,37.753,0.7259,36.918,0.686,35.119,0.7289,
2026-07-25,11:19,9.4,28.889,0.8553,31.033,0.7641,29.813,0.7019,29.009,0.7286,
2026-07-26,11:13,0.1,32.478,0.8869,35.113,0.762,34.353,0.7007,33.226,0.7421,
2026-08-03,11:13,24.4,30.811,0.8731,,,,,31.808,0.7223,
2026-08-10,11:19,4.5,34.378,0.8773,36.379,0.7879,36.186,0.7035,35.53,0.7202,
2026-08-11,11:13,8.0,33.655,0.8779,35.043,0.7884,35.174,0.7063,34.601,0.7112,
